Date,High,Low,Open,Close,Volume,Adj Close
2019-01-02,315.1300048828125,298.79998779296875,306.1000061035156,310.1199951171875,11658600,310.1199951171875
2019-01-03,309.3999938964844,297.3800048828125,307.0,300.3599853515625,6965200,300.3599853515625
2019-01-04,318.0,302.7300109863281,306.0,317.69000244140625,7394100,317.69000244140625
2019-01-07,336.739990234375,317.75,321.7200012207031,334.9599914550781,7551200,334.9599914550781
2019-01-08,344.010009765625,327.0199890136719,341.9599914550781,335.3500061035156,7008500,335.3500061035156
2019-01-09,343.5,331.4700012207031,335.5,338.5299987792969,5432900,338.5299987792969
2019-01-10,345.3900146484375,331.7900085449219,334.3999938964844,344.9700012207031,6056400,344.9700012207031
2019-01-11,348.4100036621094,338.7699890136719,342.0899963378906,347.260009765625,5039100,347.260009765625
2019-01-14,342.5,334.0,342.3800048828125,334.3999938964844,5247300,334.3999938964844
2019-01-15,348.79998779296875,334.5,335.0,344.42999267578125,6056600,344.42999267578125
2019-01-16,352.0,343.5,344.7799987792969,346.04998779296875,4691700,346.04998779296875
2019-01-17,351.5,344.1499938964844,346.2099914550781,347.30999755859375,3676700,347.30999755859375
2019-01-18,327.1300048828125,299.7300109863281,323.0,302.260009765625,24150800,302.260009765625
2019-01-22,308.0,295.5,304.82000732421875,298.9200134277344,12066700,298.9200134277344
2019-01-23,294.5,281.69000244140625,292.5,287.5899963378906,12530000,287.5899963378906
2019-01-24,293.67999267578125,279.2799987792969,283.0299987792969,291.510009765625,8012200,291.510009765625
2019-01-25,298.5199890136719,289.54998779296875,294.3900146484375,297.0400085449219,7249600,297.0400085449219
2019-01-28,297.4599914550781,287.75,292.9100036621094,296.3800048828125,6423300,296.3800048828125
2019-01-29,298.55999755859375,291.79998779296875,295.2699890136719,297.4599914550781,4621700,297.4599914550781
2019-01-30,309.0,298.489990234375,300.45001220703125,308.7699890136719,11250300,308.7699890136719
2019-01-31,311.55999755859375,294.0,301.0,307.0199890136719,12569200,307.0199890136719
2019-02-01,316.1000061035156,303.5,305.4200134277344,312.2099914550781,7283400,312.2099914550781
2019-02-04,315.29998779296875,301.8800048828125,312.9800109863281,312.8900146484375,7352100,312.8900146484375
2019-02-05,322.44000244140625,312.25,312.489990234375,321.3500061035156,6742800,321.3500061035156
2019-02-06,324.239990234375,315.6199951171875,319.5899963378906,317.2200012207031,5038500,317.2200012207031
2019-02-07,314.70001220703125,303.0,313.29998779296875,307.510009765625,6520600,307.510009765625
2019-02-08,307.45001220703125,298.5,306.8299865722656,305.79998779296875,5844200,305.79998779296875
2019-02-11,318.6000061035156,310.5,311.6000061035156,312.8399963378906,7129700,312.8399963378906
2019-02-12,318.19000244140625,309.6199951171875,316.20001220703125,311.80999755859375,5517600,311.80999755859375
2019-02-13,312.75,305.57000732421875,312.3500061035156,308.1700134277344,5141600,308.1700134277344
2019-02-14,306.7699890136719,301.0,303.3800048828125,303.7699890136719,5200800,303.7699890136719
2019-02-15,308.0,303.8999938964844,304.5,307.8800048828125,3904900,307.8800048828125
2019-02-19,311.5400085449219,305.4700012207031,306.55999755859375,305.6400146484375,4168400,305.6400146484375
2019-02-20,306.29998779296875,299.0,304.4100036621094,302.55999755859375,7142100,302.55999755859375
2019-02-21,303.239990234375,290.5,301.80999755859375,291.2300109863281,8909200,291.2300109863281
2019-02-22,296.5,292.1000061035156,294.489990234375,294.7099914550781,5740600,294.7099914550781
2019-02-25,302.8999938964844,297.0,297.9100036621094,298.7699890136719,6626500,298.7699890136719
2019-02-26,302.010009765625,288.7699890136719,292.2200012207031,297.8599853515625,8582500,297.8599853515625
2019-02-27,316.29998779296875,300.54998779296875,301.7799987792969,314.739990234375,11183900,314.739990234375
2019-02-28,320.0,310.80999755859375,318.9200134277344,319.8800048828125,10520700,319.8800048828125
2019-03-01,307.1300048828125,291.8999938964844,306.94000244140625,294.7900085449219,22911400,294.7900085449219
2019-03-04,299.0,282.7799987792969,298.1199951171875,285.3599853515625,17096800,285.3599853515625
2019-03-05,284.0,270.1000061035156,282.0,276.5400085449219,18764700,276.5400085449219
2019-03-06,281.510009765625,274.3900146484375,276.4800109863281,276.239990234375,10335500,276.239990234375
2019-03-07,284.70001220703125,274.25,278.8399963378906,276.5899963378906,9442500,276.5899963378906
2019-03-08,285.5899963378906,275.8900146484375,276.9100036621094,284.1400146484375,8819600,284.1400146484375
2019-03-11,291.2799987792969,280.5,283.5199890136719,290.9200134277344,7392300,290.9200134277344
2019-03-12,288.07000732421875,281.05999755859375,286.489990234375,283.3599853515625,7504100,283.3599853515625
2019-03-13,291.989990234375,282.70001220703125,283.8999938964844,288.9599914550781,6844700,288.9599914550781
2019-03-14,295.3900146484375,288.2900085449219,292.45001220703125,289.9599914550781,7103400,289.9599914550781
2019-03-15,283.7200012207031,274.3999938964844,283.510009765625,275.42999267578125,14785500,275.42999267578125
2019-03-18,278.04998779296875,267.29998779296875,276.0,269.489990234375,10281000,269.489990234375
2019-03-19,273.29998779296875,263.4599914550781,267.5,267.4700012207031,11800600,267.4700012207031
2019-03-20,274.9700012207031,266.29998779296875,269.69000244140625,273.6000061035156,6908200,273.6000061035156
2019-03-21,276.45001220703125,268.45001220703125,272.6000061035156,274.0199890136719,5947100,274.0199890136719
2019-03-22,272.79998779296875,264.0,272.5799865722656,264.5299987792969,8745600,264.5299987792969
2019-03-25,263.17999267578125,254.4600067138672,259.7099914550781,260.4200134277344,10215000,260.4200134277344
2019-03-26,270.260009765625,264.42999267578125,264.44000244140625,267.7699890136719,7350900,267.7699890136719
2019-03-27,275.3699951171875,268.17999267578125,268.75,274.8299865722656,8779200,274.8299865722656
2019-03-28,280.3299865722656,275.1000061035156,277.1600036621094,278.6199951171875,6774100,278.6199951171875
2019-03-29,280.1600036621094,274.5,278.70001220703125,279.8599853515625,5991300,279.8599853515625
2019-04-01,289.20001220703125,281.2799987792969,282.6199951171875,289.17999267578125,8110400,289.17999267578125
2019-04-02,289.44000244140625,283.8800048828125,288.29998779296875,285.8800048828125,5478900,285.8800048828125
2019-04-03,296.1700134277344,287.1700134277344,287.32000732421875,291.80999755859375,7929900,291.80999755859375
2019-04-04,271.20001220703125,260.5899963378906,261.8900146484375,267.7799987792969,23720700,267.7799987792969
2019-04-05,276.1000061035156,266.1099853515625,269.8599853515625,274.9599914550781,13038300,274.9599914550781
2019-04-08,281.1600036621094,270.44000244140625,277.69000244140625,273.20001220703125,10410400,273.20001220703125
2019-04-09,275.0,269.6099853515625,271.6499938964844,272.30999755859375,5904000,272.30999755859375
2019-04-10,278.3800048828125,272.8900146484375,276.739990234375,276.05999755859375,7061300,276.05999755859375
2019-04-11,270.5,265.6000061035156,268.29998779296875,268.4200134277344,9835900,268.4200134277344
2019-04-12,271.95001220703125,266.8299865722656,270.2200012207031,267.70001220703125,6746000,267.70001220703125
2019-04-15,268.8800048828125,258.6300048828125,268.6300048828125,266.3800048828125,10038600,266.3800048828125
2019-04-16,275.0,264.7200012207031,265.75,273.3599853515625,7272900,273.3599853515625
2019-04-17,274.7900085449219,268.5400085449219,274.75,271.2300109863281,5126500,271.2300109863281
2019-04-18,274.8399963378906,269.75,271.2300109863281,273.260009765625,5876300,273.260009765625
2019-04-22,269.67999267578125,262.4800109863281,269.0,262.75,12147100,262.75
2019-04-23,265.6000061035156,255.75,260.1499938964844,263.8999938964844,10943900,263.8999938964844
2019-04-24,265.32000732421875,258.0,263.8500061035156,258.6600036621094,10727500,258.6600036621094
2019-04-25,259.0,246.07000732421875,255.0,247.6300048828125,21849400,247.6300048828125
2019-04-26,246.67999267578125,231.1300048828125,246.5,235.13999938964844,22360700,235.13999938964844
2019-04-29,243.97999572753906,232.1699981689453,235.86000061035156,241.47000122070312,16714500,241.47000122070312
2019-04-30,244.2100067138672,237.0,242.05999755859375,238.69000244140625,9464600,238.69000244140625
2019-05-01,240.0,231.5,238.85000610351562,234.00999450683594,10704400,234.00999450683594
2019-05-02,247.1300048828125,237.72000122070312,245.52000427246094,244.10000610351562,18159300,244.10000610351562
2019-05-03,256.6099853515625,243.49000549316406,243.86000061035156,255.02999877929688,23706800,255.02999877929688
2019-05-06,258.3500061035156,248.5,250.02000427246094,255.33999633789062,10833900,255.33999633789062
2019-05-07,257.2099914550781,245.10000610351562,256.79998779296875,247.05999755859375,10131400,247.05999755859375
2019-05-08,250.60000610351562,244.1999969482422,246.94000244140625,244.83999633789062,6176400,244.83999633789062
2019-05-09,243.67999267578125,236.94000244140625,242.0,241.97999572753906,6711400,241.97999572753906
2019-05-10,241.99000549316406,236.02000427246094,239.75,239.52000427246094,7008300,239.52000427246094
2019-05-13,232.47000122070312,224.5,232.00999450683594,227.00999450683594,10834800,227.00999450683594
2019-05-14,234.5,228.0,229.3000030517578,232.30999755859375,7252400,232.30999755859375
2019-05-15,232.44000244140625,225.25,229.32000732421875,231.9499969482422,7296000,231.9499969482422
2019-05-16,231.0,226.5,229.49000549316406,228.3300018310547,7483300,228.3300018310547
2019-05-17,222.24000549316406,208.9199981689453,221.9600067138672,211.02999877929688,17786700,211.02999877929688
2019-05-20,206.0,195.25,202.8000030517578,205.36000061035156,20526200,205.36000061035156
2019-05-21,207.39999389648438,196.0399932861328,197.75999450683594,205.0800018310547,18003900,205.0800018310547
2019-05-22,203.94000244140625,191.77999877929688,199.10000610351562,192.72999572753906,18685200,192.72999572753906
2019-05-23,199.47000122070312,186.22000122070312,194.33999633789062,195.49000549316406,26547100,195.49000549316406
2019-05-24,199.97999572753906,188.75,199.8300018310547,190.6300048828125,14136600,190.6300048828125
2019-05-28,195.0,187.85000610351562,191.1999969482422,188.6999969482422,10312900,188.6999969482422
2019-05-29,192.38999938964844,185.0399932861328,187.10000610351562,189.86000061035156,11968600,189.86000061035156
2019-05-30,192.25999450683594,187.02000427246094,188.75,188.22000122070312,7926500,188.22000122070312
2019-05-31,189.9199981689453,184.10000610351562,185.10000610351562,185.16000366210938,10406700,185.16000366210938
2019-06-03,186.67999267578125,176.99000549316406,185.50999450683594,178.97000122070312,13064400,178.97000122070312
2019-06-04,193.97999572753906,179.61000061035156,181.10000610351562,193.60000610351562,13807500,193.60000610351562
2019-06-05,201.27999877929688,191.85000610351562,198.67999267578125,196.58999633789062,13510800,196.58999633789062
2019-06-06,211.0,201.8000030517578,204.44000244140625,205.9499969482422,20242200,205.9499969482422
2019-06-07,210.83999633789062,203.5,205.0,204.5,16003500,204.5
2019-06-10,216.94000244140625,209.00999450683594,210.25,212.8800048828125,10585000,212.8800048828125
2019-06-11,220.89999389648438,213.5,219.13999938964844,217.10000610351562,11653500,217.10000610351562
2019-06-12,223.3800048828125,209.0,222.9499969482422,209.25999450683594,15186200,209.25999450683594
2019-06-13,214.89999389648438,207.50999450683594,210.3800048828125,213.91000366210938,8168300,213.91000366210938
2019-06-14,216.64999389648438,210.39999389648438,211.25,214.9199981689453,7433400,214.9199981689453
2019-06-17,227.0,214.27000427246094,215.47999572753906,225.02999877929688,12316800,225.02999877929688
2019-06-18,234.74000549316406,222.55999755859375,228.72000122070312,224.74000549316406,12715800,224.74000549316406
2019-06-19,227.77000427246094,221.05999755859375,225.11000061035156,226.42999267578125,6575100,226.42999267578125
2019-06-20,226.89999389648438,216.35000610351562,223.0,219.6199951171875,11863500,219.6199951171875
2019-06-21,222.17999267578125,215.5,216.22000122070312,221.86000061035156,8202100,221.86000061035156
2019-06-24,225.86000061035156,221.02000427246094,223.24000549316406,223.63999938964844,5750800,223.63999938964844
2019-06-25,225.33999633789062,219.49000549316406,224.38999938964844,219.75999450683594,6182100,219.75999450683594
2019-06-26,227.22999572753906,218.10000610351562,220.30999755859375,219.27000427246094,8507200,219.27000427246094
2019-06-27,222.89999389648438,217.35000610351562,219.4499969482422,222.83999633789062,6339700,222.83999633789062
2019-06-28,225.1699981689453,220.8000030517578,220.99000549316406,223.4600067138672,6851400,223.4600067138672
2019-07-01,233.10000610351562,226.27999877929688,230.2100067138672,227.1699981689453,8238000,227.1699981689453
2019-07-02,229.14999389648438,222.22000122070312,228.88999938964844,224.5500030517578,9259000,224.5500030517578
2019-07-03,241.57000732421875,234.50999450683594,239.38999938964844,234.89999389648438,14201100,234.89999389648438
2019-07-05,235.4499969482422,230.8000030517578,234.57000732421875,233.10000610351562,7065700,233.10000610351562
2019-07-08,232.25,228.66000366210938,231.24000549316406,230.33999633789062,5880500,230.33999633789062
2019-07-09,231.0,227.27999877929688,228.97000122070312,230.05999755859375,6190800,230.05999755859375
2019-07-10,238.94000244140625,233.13999938964844,234.14999389648438,238.9199981689453,9145700,238.9199981689453
2019-07-11,241.5,235.8000030517578,238.13999938964844,238.60000610351562,7514400,238.60000610351562
2019-07-12,245.3800048828125,239.7100067138672,239.75,245.0800018310547,9200500,245.0800018310547
2019-07-15,254.4199981689453,244.86000061035156,248.0,253.5,11000100,253.5
2019-07-16,253.52999877929688,247.92999267578125,249.3000030517578,252.3800048828125,8149000,252.3800048828125
2019-07-17,258.30999755859375,253.35000610351562,255.6699981689453,254.86000061035156,9764700,254.86000061035156
2019-07-18,255.75,251.88999938964844,255.0500030517578,253.5399932861328,4764500,253.5399932861328
2019-07-19,259.9599914550781,254.6199951171875,255.69000244140625,258.17999267578125,7048400,258.17999267578125
2019-07-22,262.1499938964844,254.19000244140625,258.75,255.67999267578125,6842400,255.67999267578125
2019-07-23,260.4800109863281,254.5,256.7099914550781,260.1700134277344,5023100,260.1700134277344
2019-07-24,266.07000732421875,258.1600036621094,259.1700134277344,264.8800048828125,11072800,264.8800048828125
2019-07-25,234.5,225.5500030517578,233.5,228.82000732421875,22418300,228.82000732421875
2019-07-26,230.25999450683594,222.25,226.9199981689453,228.0399932861328,10027700,228.0399932861328
2019-07-29,235.94000244140625,226.02999877929688,227.08999633789062,235.77000427246094,9273300,235.77000427246094
2019-07-30,243.36000061035156,232.17999267578125,232.89999389648438,242.25999450683594,8109000,242.25999450683594
2019-07-31,246.67999267578125,236.64999389648438,243.0,241.61000061035156,9178200,241.61000061035156
2019-08-01,244.50999450683594,231.77000427246094,242.64999389648438,233.85000610351562,8259500,233.85000610351562
2019-08-02,236.27000427246094,229.22999572753906,231.35000610351562,234.33999633789062,6136500,234.33999633789062
2019-08-05,231.3699951171875,225.77999877929688,229.60000610351562,228.32000732421875,7028300,228.32000732421875
2019-08-06,232.5,225.75,231.8800048828125,230.75,5564200,230.75
2019-08-07,233.57000732421875,225.8000030517578,226.5,233.4199981689453,4776500,233.4199981689453
2019-08-08,239.8000030517578,232.64999389648438,234.4499969482422,238.3000030517578,5274300,238.3000030517578
2019-08-09,238.9600067138672,233.80999755859375,236.0500030517578,235.00999450683594,3898200,235.00999450683594
2019-08-12,235.77000427246094,228.75,232.99000549316406,229.00999450683594,4663900,229.00999450683594
2019-08-13,236.0,227.5500030517578,228.80999755859375,235.0,4848100,235.0
2019-08-14,231.5,216.69000244140625,231.2100067138672,219.6199951171875,9562600,219.6199951171875
2019-08-15,221.55999755859375,211.5500030517578,220.86000061035156,215.63999938964844,8159600,215.63999938964844
2019-08-16,222.24000549316406,216.02000427246094,216.66000366210938,219.94000244140625,5098500,219.94000244140625
2019-08-19,227.8300018310547,221.6999969482422,224.2100067138672,226.8300018310547,5309600,226.8300018310547
2019-08-20,229.08999633789062,224.5399932861328,227.6199951171875,225.86000061035156,4125200,225.86000061035156
2019-08-21,223.22000122070312,217.60000610351562,222.00999450683594,220.8300018310547,7794300,220.8300018310547
2019-08-22,225.39999389648438,218.22000122070312,222.8000030517578,222.14999389648438,6559000,222.14999389648438
2019-08-23,221.1699981689453,211.0,219.97000122070312,211.39999389648438,8538600,211.39999389648438
2019-08-26,215.02000427246094,211.5399932861328,213.60000610351562,215.0,5051900,215.0
2019-08-27,218.8000030517578,212.02999877929688,215.74000549316406,214.0800018310547,5416200,214.0800018310547
2019-08-28,217.25,212.30999755859375,213.69000244140625,215.58999633789062,3225500,215.58999633789062
2019-08-29,223.39999389648438,218.0,219.0,221.7100067138672,5179500,221.7100067138672
2019-08-30,232.44000244140625,224.2100067138672,229.14999389648438,225.61000061035156,9320600,225.61000061035156
2019-09-03,228.9499969482422,223.16000366210938,224.0800018310547,225.00999450683594,5354100,225.00999450683594
2019-09-04,228.4600067138672,219.2100067138672,226.88999938964844,220.67999267578125,5761000,220.67999267578125
2019-09-05,229.8000030517578,220.85000610351562,222.5,229.5800018310547,7395300,229.5800018310547
2019-09-06,229.63999938964844,225.1699981689453,227.1999969482422,227.4499969482422,4189400,227.4499969482422
2019-09-09,233.75999450683594,229.22999572753906,230.0,231.7899932861328,4802700,231.7899932861328
2019-09-10,235.5399932861328,228.94000244140625,230.8000030517578,235.5399932861328,4883700,235.5399932861328
2019-09-11,248.1699981689453,236.0,237.3800048828125,247.10000610351562,10042800,247.10000610351562
2019-09-12,253.5,244.39999389648438,247.6999969482422,245.8699951171875,8581200,245.8699951171875
2019-09-13,248.4499969482422,244.8699951171875,246.9600067138672,245.1999969482422,5313100,245.1999969482422
2019-09-16,247.42999267578125,241.1699981689453,246.0,242.80999755859375,4728100,242.80999755859375
2019-09-17,245.60000610351562,240.3699951171875,242.47000122070312,244.7899932861328,3865400,244.7899932861328
2019-09-18,248.1699981689453,242.3699951171875,245.0,243.49000549316406,4170200,243.49000549316406
2019-09-19,247.94000244140625,244.83999633789062,246.0,246.60000610351562,4795800,246.60000610351562
2019-09-20,246.9499969482422,238.16000366210938,246.49000549316406,240.6199951171875,6353000,240.6199951171875
2019-09-23,245.17999267578125,239.22000122070312,240.0,241.22999572753906,4340200,241.22999572753906
2019-09-24,241.99000549316406,222.61000061035156,241.52000427246094,223.2100067138672,12891500,223.2100067138672
2019-09-25,228.97999572753906,218.36000061035156,224.55999755859375,228.6999969482422,9427100,228.6999969482422
2019-09-26,243.30999755859375,227.39999389648438,230.66000366210938,242.55999755859375,11884500,242.55999755859375
2019-09-27,248.7100067138672,238.72999572753906,242.1999969482422,242.1300048828125,11116400,242.1300048828125
2019-09-30,243.97999572753906,236.11000061035156,243.0,240.8699951171875,5879800,240.8699951171875
2019-10-01,245.9499969482422,239.1300048828125,241.5,244.69000244140625,6162600,244.69000244140625
2019-10-02,244.64999389648438,239.42999267578125,243.2899932861328,243.1300048828125,5631400,243.1300048828125
2019-10-03,234.47999572753906,224.27999877929688,231.86000061035156,233.02999877929688,15084500,233.02999877929688
2019-10-04,234.77999877929688,228.07000732421875,231.61000061035156,231.42999267578125,7995000,231.42999267578125
2019-10-07,238.55999755859375,228.5500030517578,229.8000030517578,237.72000122070312,8064200,237.72000122070312
2019-10-08,243.94000244140625,234.5,235.8699951171875,240.0500030517578,8678200,240.0500030517578
2019-10-09,247.3000030517578,240.64999389648438,241.32000732421875,244.52999877929688,6894400,244.52999877929688
2019-10-10,249.27999877929688,241.5800018310547,245.27999877929688,244.74000549316406,6283300,244.74000549316406
2019-10-11,251.0800018310547,246.80999755859375,247.14999389648438,247.88999938964844,8475400,247.88999938964844
2019-10-14,258.54998779296875,247.1300048828125,247.89999389648438,256.9599914550781,10205000,256.9599914550781
2019-10-15,260.0,254.1199951171875,257.70001220703125,257.8900146484375,6432800,257.8900146484375
2019-10-16,262.1000061035156,256.9200134277344,257.3900146484375,259.75,6684100,259.75
2019-10-17,264.7799987792969,260.1700134277344,262.5,261.9700012207031,4769300,261.9700012207031
2019-10-18,262.79998779296875,255.10000610351562,260.70001220703125,256.95001220703125,5749800,256.95001220703125
2019-10-21,259.5,250.17999267578125,258.3299865722656,253.5,5020300,253.5
2019-10-22,258.3299865722656,250.85000610351562,254.32000732421875,255.5800018310547,4600800,255.5800018310547
2019-10-23,256.1400146484375,251.35000610351562,254.5,254.67999267578125,5261100,254.67999267578125
2019-10-24,304.92999267578125,289.20001220703125,298.3699951171875,299.67999267578125,29720900,299.67999267578125
2019-10-25,330.0,296.1099853515625,297.7200012207031,328.1300048828125,30006100,328.1300048828125
2019-10-28,340.8399963378906,322.6000061035156,327.5400085449219,327.7099914550781,18870300,327.7099914550781
2019-10-29,324.29998779296875,314.75,319.989990234375,316.2200012207031,12684300,316.2200012207031
2019-10-30,318.7900085449219,309.9700012207031,313.0,315.010009765625,9641800,315.010009765625
2019-10-31,319.0,313.0,313.1000061035156,314.9200134277344,5067000,314.9200134277344
2019-11-01,316.4800109863281,309.79998779296875,316.32000732421875,313.30999755859375,6383900,313.30999755859375
2019-11-04,321.94000244140625,309.260009765625,314.79998779296875,317.4700012207031,8787000,317.4700012207031
2019-11-05,323.510009765625,316.1199951171875,319.6199951171875,317.2200012207031,6943400,317.2200012207031
2019-11-06,326.7200012207031,314.5,318.0,326.5799865722656,7940900,326.5799865722656
2019-11-07,341.5,328.0199890136719,329.1400146484375,335.5400085449219,14467300,335.5400085449219
2019-11-08,337.4599914550781,332.5,334.5,337.1400146484375,6069200,337.1400146484375
2019-11-11,349.19000244140625,342.0,343.95001220703125,345.0899963378906,9986700,345.0899963378906
2019-11-12,350.3699951171875,344.0400085449219,346.8999938964844,349.92999267578125,7359400,349.92999267578125
2019-11-13,356.3299865722656,345.17999267578125,355.0,346.1099853515625,8420100,346.1099853515625
2019-11-14,353.8399963378906,342.9100036621094,346.1099853515625,349.3500061035156,6464900,349.3500061035156
2019-11-15,352.79998779296875,348.3599853515625,350.6400146484375,352.1700134277344,4809000,352.1700134277344
2019-11-18,353.1499938964844,346.1000061035156,352.9200134277344,349.989990234375,4400400,349.989990234375
2019-11-19,359.989990234375,347.79998779296875,351.75,359.5199890136719,7724800,359.5199890136719
2019-11-20,361.20001220703125,349.57000732421875,360.0,352.2200012207031,6725100,352.2200012207031
2019-11-21,360.8399963378906,354.0,354.510009765625,354.8299865722656,6110000,354.8299865722656
2019-11-22,341.0,330.0,340.1600036621094,333.0400085449219,16870600,333.0400085449219
2019-11-25,344.57000732421875,334.4599914550781,344.32000732421875,336.3399963378906,12339500,336.3399963378906
2019-11-26,335.5,327.1000061035156,335.2699890136719,328.9200134277344,7947400,328.9200134277344
2019-11-27,333.92999267578125,328.57000732421875,331.1199951171875,331.2900085449219,5555600,331.2900085449219
2019-11-29,331.260009765625,327.5,331.1099853515625,329.94000244140625,2465600,329.94000244140625
2019-12-02,336.3800048828125,328.69000244140625,329.3999938964844,334.8699951171875,6074500,334.8699951171875
2019-12-03,337.9100036621094,332.19000244140625,332.6199951171875,336.20001220703125,6573700,336.20001220703125
2019-12-04,337.8599853515625,332.8500061035156,337.75,333.0299987792969,5533000,333.0299987792969
2019-12-05,334.4200134277344,327.25,332.8299865722656,330.3699951171875,3724600,330.3699951171875
2019-12-06,338.8599853515625,334.7699890136719,335.0,335.8900146484375,7612400,335.8900146484375
2019-12-09,344.45001220703125,335.0799865722656,336.5899963378906,339.5299987792969,9023100,339.5299987792969
2019-12-10,350.7300109863281,339.30999755859375,339.9599914550781,348.8399963378906,8828300,348.8399963378906
2019-12-11,357.19000244140625,351.0899963378906,351.8800048828125,352.70001220703125,6897800,352.70001220703125
2019-12-12,362.739990234375,353.2300109863281,354.9200134277344,359.67999267578125,7763900,359.67999267578125
2019-12-13,365.2099914550781,354.6400146484375,361.04998779296875,358.3900146484375,6570900,358.3900146484375
2019-12-16,383.6099853515625,362.5,362.54998779296875,381.5,18174200,381.5
2019-12-17,385.5,375.8999938964844,378.989990234375,378.989990234375,8496800,378.989990234375
2019-12-18,395.2200012207031,380.5799865722656,380.6300048828125,393.1499938964844,14121000,393.1499938964844
2019-12-19,406.8500061035156,396.5,397.32000732421875,404.0400085449219,18107100,404.0400085449219
2019-12-20,413.0,400.19000244140625,410.2900085449219,405.5899963378906,14752700,405.5899963378906
2019-12-23,422.010009765625,410.0,411.7799987792969,419.2200012207031,13319600,419.2200012207031
2019-12-24,425.4700012207031,412.69000244140625,418.3599853515625,425.25,8054700,425.25
2019-12-26,433.4800109863281,426.3500061035156,427.9100036621094,430.94000244140625,10633900,430.94000244140625
2019-12-27,435.30999755859375,426.1099853515625,435.0,430.3800048828125,9945700,430.3800048828125
2019-12-30,429.0,409.260009765625,428.7900085449219,414.70001220703125,12586400,414.70001220703125
2019-12-31,421.2900085449219,402.0799865722656,405.0,418.3299865722656,10285700,418.3299865722656
2020-01-02,430.70001220703125,421.7099914550781,424.5,430.260009765625,9532100,430.260009765625
2020-01-03,454.0,436.9200134277344,440.5,443.010009765625,17778500,443.010009765625
2020-01-06,451.55999755859375,440.0,440.4700012207031,451.5400085449219,10133000,451.5400085449219
2020-01-07,471.6300048828125,453.3599853515625,461.3999938964844,469.05999755859375,17882100,469.05999755859375
2020-01-08,498.489990234375,468.2300109863281,473.70001220703125,492.1400146484375,31144300,492.1400146484375
2020-01-09,498.79998779296875,472.8699951171875,497.1000061035156,481.3399963378906,28440400,481.3399963378906
2020-01-10,484.94000244140625,473.70001220703125,481.7900085449219,478.1499938964844,12959500,478.1499938964844
2020-01-13,525.6300048828125,492.0,493.5,524.8599853515625,26517600,524.8599853515625
2020-01-14,547.4099731445312,524.9000244140625,544.260009765625,537.9199829101562,28996200,537.9199829101562
2020-01-15,537.8400268554688,516.7899780273438,529.760009765625,518.5,17368800,518.5
2020-01-16,514.4600219726562,492.1700134277344,493.75,513.489990234375,21736700,513.489990234375
2020-01-17,515.6699829101562,503.1600036621094,507.6099853515625,510.5,13629100,510.5
2020-01-21,548.5800170898438,528.4099731445312,530.25,547.2000122070312,17803500,547.2000122070312
2020-01-22,594.5,559.0999755859375,571.8900146484375,569.5599975585938,31369000,569.5599975585938
2020-01-23,582.0,555.5999755859375,564.25,572.2000122070312,19651000,572.2000122070312
2020-01-24,573.8599853515625,554.260009765625,570.6300048828125,564.8200073242188,14353600,564.8200073242188
2020-01-27,564.4400024414062,539.280029296875,541.989990234375,558.02001953125,13608100,558.02001953125
2020-01-28,576.8099975585938,558.0800170898438,568.489990234375,566.9000244140625,11788500,566.9000244140625
2020-01-29,589.7999877929688,567.4299926757812,575.6900024414062,580.989990234375,17801500,580.989990234375
2020-01-30,650.8800048828125,618.0,632.4199829101562,640.8099975585938,29005700,640.8099975585938
2020-01-31,653.0,632.52001953125,640.0,650.5700073242188,15719300,650.5700073242188
2020-02-03,786.1400146484375,673.52001953125,673.6900024414062,780.0,47233500,780.0
2020-02-04,968.989990234375,833.8800048828125,882.9600219726562,887.0599975585938,60938800,887.0599975585938
2020-02-05,845.97998046875,704.1099853515625,823.260009765625,734.7000122070312,48423800,734.7000122070312
2020-02-06,795.8300170898438,687.0,699.9199829101562,748.9600219726562,39880800,748.9600219726562
2020-02-07,769.75,730.0,730.5499877929688,748.0700073242188,17063500,748.0700073242188
2020-02-10,819.989990234375,752.4000244140625,800.0,771.280029296875,24689200,771.280029296875
2020-02-11,783.510009765625,758.0,768.7899780273438,774.3800048828125,11697500,774.3800048828125
2020-02-12,789.75,763.3699951171875,777.8699951171875,767.2899780273438,12022500,767.2899780273438
2020-02-13,818.0,735.0,741.8400268554688,804.0,26289300,804.0
2020-02-14,812.969970703125,785.5,787.219970703125,800.030029296875,15693700,800.030029296875
2020-02-18,860.0,832.3599853515625,841.5999755859375,858.4000244140625,16381700,858.4000244140625
2020-02-19,944.780029296875,901.02001953125,923.5,917.4199829101562,25423000,917.4199829101562
2020-02-20,912.0,859.9400024414062,911.9500122070312,899.4099731445312,17634900,899.4099731445312
2020-02-21,913.0599975585938,880.4500122070312,906.97998046875,901.0,14314800,901.0
2020-02-24,863.5,822.2000122070312,839.0,833.7899780273438,15192200,833.7899780273438
2020-02-25,856.5999755859375,787.0,849.0,799.9099731445312,17290500,799.9099731445312
2020-02-26,813.3099975585938,776.1099853515625,782.5,778.7999877929688,14085500,778.7999877929688
2020-02-27,739.77001953125,669.0,730.0,679.0,24149300,679.0
2020-02-28,690.52001953125,611.52001953125,629.7000122070312,667.989990234375,24564200,667.989990234375
2020-03-02,743.6900024414062,686.6699829101562,711.260009765625,743.6199951171875,20195000,743.6199951171875
2020-03-03,806.97998046875,716.1099853515625,805.0,745.510009765625,25784000,745.510009765625
2020-03-04,766.52001953125,724.72998046875,763.9600219726562,749.5,15049000,749.5
2020-03-05,745.75,718.0700073242188,723.77001953125,724.5399780273438,10852700,724.5399780273438
2020-03-06,707.0,684.27001953125,690.0,703.47998046875,12662900,703.47998046875
2020-03-09,663.0,605.0,605.3900146484375,608.0,17073700,608.0
2020-03-10,668.0,608.0,659.4299926757812,645.3300170898438,15594400,645.3300170898438
2020-03-11,653.5800170898438,613.0,640.2000122070312,634.22998046875,13322500,634.22998046875
2020-03-12,594.5,546.25,580.8900146484375,560.5499877929688,18909100,560.5499877929688
2020-03-13,607.5700073242188,502.0,595.0,546.6199951171875,22640300,546.6199951171875
2020-03-16,494.8699951171875,442.1700134277344,469.5,445.07000732421875,20489500,445.07000732421875
2020-03-17,471.8500061035156,396.0,440.010009765625,430.20001220703125,23994600,430.20001220703125
2020-03-18,404.8599853515625,350.510009765625,389.0,361.2200012207031,23786200,361.2200012207031
2020-03-19,452.0,358.4599914550781,374.70001220703125,427.6400146484375,30195500,427.6400146484375
2020-03-20,477.0,425.7900085449219,438.20001220703125,427.5299987792969,28285500,427.5299987792969
2020-03-23,442.0,410.5,433.6000061035156,434.2900085449219,16454500,434.2900085449219
2020-03-24,513.6900024414062,474.0,477.29998779296875,505.0,22895200,505.0
2020-03-25,557.0,511.1099853515625,545.25,539.25,21222700,539.25
2020-03-26,560.0,512.25,547.3900146484375,528.1599731445312,17380700,528.1599731445312
2020-03-27,525.7999877929688,494.0299987792969,505.0,514.3599853515625,14377400,514.3599853515625
2020-03-30,516.6500244140625,491.2300109863281,510.260009765625,502.1300048828125,11998100,502.1300048828125
2020-03-31,542.9600219726562,497.0,501.25,524.0,17771500,524.0
2020-04-01,513.9500122070312,475.1000061035156,504.0,481.55999755859375,13353200,481.55999755859375
2020-04-02,494.260009765625,446.3999938964844,481.0299987792969,454.4700012207031,19858400,454.4700012207031
2020-04-03,515.489990234375,468.3900146484375,509.5,480.010009765625,22562100,480.010009765625
2020-04-06,521.0,497.9599914550781,511.20001220703125,516.239990234375,14901800,516.239990234375
2020-04-07,565.0,532.3400268554688,545.0,545.4500122070312,17919800,545.4500122070312
2020-04-08,557.2100219726562,533.3300170898438,554.2000122070312,548.8400268554688,12656000,548.8400268554688
2020-04-09,575.1799926757812,557.1099853515625,562.0900268554688,573.0,13650000,573.0
2020-04-13,652.0,580.530029296875,590.1599731445312,650.9500122070312,22475400,650.9500122070312
2020-04-14,741.8800048828125,692.4299926757812,698.969970703125,709.8900146484375,30576500,709.8900146484375
2020-04-15,753.1300048828125,710.0,742.0,729.8300170898438,23577000,729.8300170898438
2020-04-16,759.4500122070312,706.719970703125,716.9400024414062,745.2100219726562,20657900,745.2100219726562
2020-04-17,774.9500122070312,747.6599731445312,772.280029296875,753.8900146484375,13128200,753.8900146484375
2020-04-20,765.5700073242188,712.2100219726562,732.7000122070312,746.3599853515625,14746600,746.3599853515625
2020-04-21,753.3300170898438,673.7899780273438,730.1199951171875,686.719970703125,20209100,686.719970703125
2020-04-22,734.0,688.7100219726562,703.97998046875,732.1099853515625,14224800,732.1099853515625
2020-04-23,734.0,703.1300048828125,727.5999755859375,705.6300048828125,13236700,705.6300048828125
2020-04-24,730.72998046875,698.1799926757812,710.8099975585938,725.1500244140625,13237600,725.1500244140625
2020-04-27,799.489990234375,735.0,737.6099853515625,798.75,20681400,798.75
2020-04-28,805.0,756.6900024414062,795.6400146484375,769.1199951171875,15222000,769.1199951171875
2020-04-29,803.2000122070312,783.1599731445312,790.1699829101562,800.510009765625,16216000,800.510009765625
2020-04-30,869.8200073242188,763.5,855.1900024414062,781.8800048828125,28400100,781.8800048828125
2020-05-01,772.77001953125,683.0399780273438,755.0,701.3200073242188,32531800,701.3200073242188
2020-05-04,762.0,698.0,701.0,761.1900024414062,19237100,761.1900024414062
2020-05-05,798.9199829101562,762.1799926757812,789.7899780273438,768.2100219726562,16991700,768.2100219726562
2020-05-06,789.7999877929688,761.1099853515625,776.5,782.5800170898438,11123200,782.5800170898438
2020-05-07,796.4000244140625,772.3499755859375,777.2100219726562,780.0399780273438,11527700,780.0399780273438
2020-05-08,824.0,787.010009765625,793.77001953125,819.4199829101562,16130100,819.4199829101562
2020-05-11,824.0,785.0,790.510009765625,811.2899780273438,16471100,811.2899780273438
2020-05-12,843.2899780273438,808.0,827.0,809.4099731445312,15906900,809.4099731445312
2020-05-13,826.0,763.2999877929688,820.8300170898438,790.9600219726562,19065500,790.9600219726562
2020-05-14,803.3599853515625,764.0,780.0,803.3300170898438,13682200,803.3300170898438
2020-05-15,805.0499877929688,786.5499877929688,790.3499755859375,799.1699829101562,10518400,799.1699829101562
2020-05-18,834.719970703125,803.8800048828125,827.780029296875,813.6300048828125,11698100,813.6300048828125
2020-05-19,822.0700073242188,806.0800170898438,815.1699829101562,808.010009765625,9636500,808.010009765625
2020-05-20,826.0,811.7999877929688,820.5,815.5599975585938,7309300,815.5599975585938
2020-05-21,832.5,796.0,816.0,827.5999755859375,12254600,827.5999755859375
2020-05-22,831.780029296875,812.0,822.1699829101562,816.8800048828125,9987500,816.8800048828125
2020-05-26,834.5999755859375,815.7100219726562,834.5,818.8699951171875,8089700,818.8699951171875
2020-05-27,827.7100219726562,785.0,820.8599853515625,820.22998046875,11549500,820.22998046875
2020-05-28,824.75,801.6900024414062,813.510009765625,805.8099975585938,7255600,805.8099975585938
2020-05-29,835.0,804.2100219726562,808.75,835.0,11812500,835.0
2020-06-01,899.0,854.0999755859375,858.0,898.0999755859375,14939500,898.0999755859375
2020-06-02,908.6599731445312,871.0,894.7000122070312,881.5599975585938,13565600,881.5599975585938
2020-06-03,897.9400024414062,880.0999755859375,888.1199951171875,882.9600219726562,7949500,882.9600219726562
2020-06-04,895.75,858.4400024414062,889.8800048828125,864.3800048828125,8887700,864.3800048828125
2020-06-05,886.52001953125,866.2000122070312,877.8400268554688,885.6599731445312,7811900,885.6599731445312
2020-06-08,950.0,909.1599731445312,919.0,949.9199829101562,14174700,949.9199829101562
2020-06-09,954.4400024414062,923.9299926757812,940.010009765625,940.6699829101562,11388200,940.6699829101562
2020-06-10,1027.47998046875,982.5,991.8800048828125,1025.050048828125,18563400,1025.050048828125
2020-06-11,1018.9600219726562,972.0,990.2000122070312,972.8400268554688,15916500,972.8400268554688
2020-06-12,987.97998046875,912.5999755859375,980.0,935.280029296875,16730200,935.280029296875
2020-06-15,998.8400268554688,908.5,917.7899780273438,990.9000244140625,15697200,990.9000244140625
2020-06-16,1012.8800048828125,962.3900146484375,1011.8499755859375,982.1300048828125,14051100,982.1300048828125
2020-06-17,1005.0,982.5700073242188,987.7100219726562,991.7899780273438,9869400,991.7899780273438
2020-06-18,1019.2000122070312,994.469970703125,1003.0,1003.9600219726562,9751900,1003.9600219726562
2020-06-19,1015.969970703125,991.3400268554688,1012.780029296875,1000.9000244140625,8679700,1000.9000244140625
2020-06-22,1008.8800048828125,990.02001953125,999.9500122070312,994.3200073242188,6362400,994.3200073242188
2020-06-23,1012.0,994.010009765625,998.8800048828125,1001.780029296875,6365300,1001.780029296875
2020-06-24,1000.8800048828125,953.1400146484375,994.1099853515625,960.8499755859375,10959600,960.8499755859375
2020-06-25,985.97998046875,937.1500244140625,954.27001953125,985.97998046875,9254500,985.97998046875
2020-06-26,995.0,954.8699951171875,994.780029296875,959.739990234375,8854900,959.739990234375
2020-06-29,1010.0,948.52001953125,969.010009765625,1009.3499755859375,9026400,1009.3499755859375
2020-06-30,1087.68994140625,1003.72998046875,1006.5,1079.81005859375,16918500,1079.81005859375
2020-07-01,1135.3299560546875,1080.5,1083.0,1119.6300048828125,13326900,1119.6300048828125
2020-07-02,1228.0,1185.5999755859375,1221.47998046875,1208.6600341796875,17250100,1208.6600341796875
2020-07-06,1377.7900390625,1266.0400390625,1276.68994140625,1371.5799560546875,20569900,1371.5799560546875
2020-07-07,1429.5,1336.7099609375,1405.010009765625,1389.8599853515625,21489700,1389.8599853515625
2020-07-08,1417.260009765625,1311.3399658203125,1405.0,1365.8800048828125,16311300,1365.8800048828125
2020-07-09,1408.56005859375,1351.280029296875,1396.989990234375,1394.280029296875,11717600,1394.280029296875
2020-07-10,1548.9200439453125,1376.010009765625,1396.0,1544.6500244140625,23281000,1544.6500244140625
2020-07-13,1794.989990234375,1648.510009765625,1659.0,1736.7601318359375,18127063,1736.7601318359375
